<?xml version="1.0" encoding="UTF-8" ?>

<?import javafx.scene.layout.* ?>
<?import javafx.scene.control.* ?>
<?import javafx.scene.text.* ?>

<VBox xmlns:fx="http://javafx.com/fxml" fx:controller="tic_tac_toe.pages.accueil.VueAccueil" styleClass="fenetrePrincipale" VBox.vgrow="ALWAYS">
	<BorderPane>
		<top>
			<MenuBar>
				<menus>
					<Menu styleClass="menu" text="%partieLocale">
						<items>
							<MenuItem fx:id="menuNouvellePartieLocale" styleClass="menu_item" text="%nouvellePartie" />
							<SeparatorMenuItem />
							<MenuItem fx:id="menuParametres" styleClass="menu_item" text="%parametres" />
							<MenuItem fx:id="menuParametresBack" text="Parametres Fonds" />
							<MenuItem fx:id="menuPartieRecente" text="Partie Récente" />
							<MenuItem fx:id="menuQuitter" styleClass="menu_item" text="%quitter" />
						</items>
					</Menu>
					<Menu styleClass="menu" text="%partieReseau">
						<items>
							<MenuItem fx:id="menuNouvellePartieReseau" styleClass="menu_item" text="%nouvellePartie" />
						</items>
					</Menu>
				</menus>
			</MenuBar>
		</top>
		<center>
		<HBox alignment="center">
			<VBox fx:id="conteneurPartie" alignment="center" HBox.hgrow="ALWAYS" />
		</HBox>	
		</center>
	</BorderPane>
</VBox>