{
  "hauteur": 3,
  "formeCourante": "X",
  "grille": {
    "colonnes": [
      {
        "cases": [
          {
            "forme": "O",
            "indiceRangee": 0
          },
          {
            "forme": "X",
            "indiceRangee": 1
          }
        ]
      },
      {
        "cases": [
          {
            "forme": "X",
            "indiceRangee": 0
          },
          {
            "forme": "O",
            "indiceRangee": 1
          }
        ]
      },
      {
        "cases": [
          {
            "forme": "X",
            "indiceRangee": 2
          },
          {
            "forme": "O",
            "indiceRangee": 2
          }
        ]
      }
    ]
  },
  "id": "default"
}