<?xml version="1.0" encoding="UTF-8"?>
<?import javafx.scene.layout.VBox?>
<?import javafx.scene.layout.HBox?>
<?import javafx.scene.text.Text?>
<?import javafx.scene.control.Button?>
<?import javafx.scene.control.CheckBox?>
<?import javafx.scene.control.ComboBox?>
<?import javafx.scene.control.TextField?>
<?import javafx.scene.control.Label?>


<VBox xmlns:fx="http://javafx.com/fxml" alignment="center"
    fx:controller="tic_tac_toe.pages.partierecente.VuePartieRecente">

	<VBox>
		<HBox alignment="center">
			<Text textAlignment="CENTER" text="Qui a gagner la partie?"/>
		</HBox>
		<HBox alignment="center">
	        <Text fx:id="textWinner"/>
		</HBox>

		<HBox alignment="center">
			<Text textAlignment="CENTER" text="Numero de la partie:"/>
		</HBox>

		<VBox>
				<HBox alignment="center">
					 <Text fx:id="textNumPartie"/>
				</HBox>
				
				<HBox alignment="center">
					<Button fx:id="closeButton" onAction="#closeButtonAction" text="Fermer la page"/>
				</HBox>

				

		</VBox>
	</VBox>
</VBox>
