<?xml version="1.0" encoding="UTF-8"?>
<?import javafx.scene.layout.VBox?>
<?import javafx.scene.layout.HBox?>
<?import javafx.scene.text.Text?>
<?import javafx.scene.control.Button?>
<?import javafx.scene.control.CheckBox?>
<?import javafx.scene.control.ComboBox?>
<?import javafx.scene.control.TextField?>
<?import javafx.scene.control.Label?>
<?import tic_tac_toe.pages.partie.composants.Resultat?>


<VBox xmlns:fx="http://javafx.com/fxml" alignment="center" styleClass="conteneurPrincipal" 
    fx:controller="tic_tac_toe.pages.partierecente.VuePartieRecente">

	<VBox VBox.vgrow="ALWAYS">
	
		<HBox alignment="center" HBox.hgrow="ALWAYS">
			<Text styleClass="welcom" textAlignment="center" text="%titre" />
		</HBox>
		
		<HBox styleClass="petitEspace" HBox.hgrow="ALWAYS" />
		
		<HBox alignment="center" VBox.vgrow="ALWAYS" >
			<Resultat styleClass="forme" fx:id="dessin" couleurBleu="Green" HBox.hgrow="ALWAYS" />
		</HBox>
		
		
		<HBox styleClass="petitEspace" HBox.hgrow="ALWAYS" />
		
		
		<HBox alignment="center" HBox.hgrow="ALWAYS" >
			<Text styleClass="texteQuiGagne" textAlignment="left" text="%quiGagne" />
		</HBox>
		<HBox alignment="center" HBox.hgrow="ALWAYS" >
	        <Text styleClass="marque" fx:id="textWinner"/>
		</HBox>
		
		<HBox styleClass="grosEspace" HBox.hgrow="ALWAYS"/>
		<HBox styleClass="grosEspace" HBox.hgrow="ALWAYS"/>
		

		<HBox alignment="center" HBox.hgrow="ALWAYS">
			<Text styleClass="texteQuiGagne" textAlignment="right" text="%numeroPartie"/>
		</HBox>

		<VBox VBox.vgrow="ALWAYS">
				<HBox  alignment="center">
					 <Text styleClass="marque" fx:id="textNumPartie"/>
				</HBox>
				
				<HBox styleClass="grosEspace" HBox.hgrow="ALWAYS"/>
				
				<HBox alignment="center">
					<Button styleClass="bouton" fx:id="closeButton" onAction="#closeButtonAction" text="%ok"/>
				</HBox>
				<HBox alignment="center" VBox.vgrow="ALWAYS" >
			<Resultat styleClass="form" fx:id="dessin" couleurBlack="#DC143C" HBox.hgrow="ALWAYS" />
		</HBox>
		</VBox>
	</VBox>
</VBox>
