<?import javafx.scene.layout.VBox?>
<?import javafx.scene.layout.HBox?>
<?import javafx.scene.text.Text?>
<?import javafx.scene.control.Button?>
<?import javafx.scene.control.CheckBox?>
<?import javafx.scene.control.ComboBox?>

<VBox xmlns:fx="http://javafx.com/fxml" alignment="center"
    fx:controller="tic_tac_toe.pages.parametres.VueParametres">

	<VBox>
		<HBox alignment="center">
			<Text textAlignment="CENTER" text="Taille de la grille?"/>
		</HBox>
		<HBox alignment="center">
	        <ComboBox fx:id="choixTaille"/>
		</HBox>

		<HBox alignment="center">
			<Text textAlignment="CENTER" text="Qui commence?"/>
		</HBox>

		<VBox>
				<HBox alignment="center">
					<Button fx:id="caseX"/>
					<CheckBox fx:id="checkX"/>
				</HBox>

				<HBox alignment="center">
					<Button fx:id="caseO"/>
					<CheckBox fx:id="checkO"/>
				</HBox>

		</VBox>
	</VBox>
	
	<HBox alignment="center">
		<Button text="C'est bon!" fx:id="boutonOk"/>
	</HBox>
	
</VBox>
