<?import javafx.scene.layout.VBox?>
<?import javafx.scene.layout.HBox?>
<?import javafx.scene.text.Text?>
<?import javafx.scene.control.Button?>
<?import javafx.scene.control.CheckBox?>
<?import javafx.scene.control.ComboBox?>

<VBox xmlns:fx="http://javafx.com/fxml" alignment="center" styleClass="conteneurPrincipal"
    fx:controller="tic_tac_toe.pages.parametres.VueParametres">

	<VBox styleClass="conteneurVertical" VBox.vgrow="ALWAYS">
		<HBox alignment="center">
			<Text styleClass="texteQuiCommence" textAlignment="CENTER" text="%quelleTaille"/>
		</HBox>
		<VBox styleClass="petitEspace" VBox.vgrow="ALWAYS"/>
		<HBox alignment="center">
	        <ComboBox fx:id="choixTaille"/>
		</HBox>
		
		<VBox styleClass="grosEspace" VBox.vgrow="ALWAYS"/>
		<VBox styleClass="grosEspace" VBox.vgrow="ALWAYS"/>

			<HBox alignment="center">
			<Text styleClass="texteQuiCommence" textAlignment="CENTER" text="%quiCommence"/>
		</HBox>
		
		<VBox styleClass="petitEspace" VBox.vgrow="ALWAYS"/>

		<VBox styleClass="conteneurQuiCommence" VBox.vgrow="ALWAYS">
		
				<HBox alignment="center" VBox.vgrow="ALWAYS">
					<Button fx:id="caseX" styleClass = "forme"/>
					<HBox styleClass="petitEspace" HBox.hgrow="ALWAYS"/>
					<CheckBox fx:id="checkX" styleClass = "forme"/>
				</HBox>
				
				<HBox styleClass="petitEspace" HBox.hgrow="ALWAYS"/>

				<HBox alignment="center" VBox.vgrow="ALWAYS">
					<Button fx:id="caseO" styleClass = "forme"/>
					<HBox styleClass="petitEspace" HBox.hgrow="ALWAYS"/>
					<CheckBox fx:id="checkO" styleClass = "forme"/>
				</HBox>
		</VBox>
	</VBox>
	
	<HBox styleClass="grosEspace" HBox.hgrow="ALWAYS"/>
	
	<HBox styleClass="conteneurBouton" alignment="center">
		<Button styleClass="bouton" text="%ok" fx:id="boutonOk"/>
	</HBox>
</VBox>
