<?xml version="1.0" encoding="UTF-8"?>
<?import javafx.scene.layout.VBox?>
<?import javafx.scene.layout.HBox?>
<?import javafx.scene.text.Text?>
<?import javafx.scene.control.Button?>
<?import javafx.scene.control.CheckBox?>
<?import javafx.scene.control.ComboBox?>

<VBox xmlns:fx="http://javafx.com/fxml" alignment="center"
    fx:controller="tic_tac_toe.pages.parametresBack.VueParametresBack">

	<VBox>
		<HBox alignment="center">
			<Text textAlignment="CENTER" text="Choisir la couleur de l'arrière plan?"/>
		</HBox>
		<HBox alignment="center">
	        <Button fx:id="caseBlack"/>
	        <Button fx:id="caseJaune"/>
	        <Button fx:id="caseVert"/>
		</HBox>

		<HBox alignment="center">
			<Text textAlignment="CENTER" text="Choisir la couleur des bordures?"/>
		</HBox>
		<VBox>
				<HBox alignment="center">
				<Text textAlignment="CENTER" text="Black:"/>
					<CheckBox fx:id="check2Black"/>
				<Text textAlignment="CENTER" text="Jaune:"/>
					<CheckBox fx:id="check2Jaune"/>
				<Text textAlignment="CENTER" text="Vert:"/>
					<CheckBox fx:id="check2Vert"/>
				</HBox>
		<HBox alignment="center">
			<Text textAlignment="CENTER" text="Choisir la couleur des formes (X ou O)?"/>
		</HBox>
				<HBox alignment="center">
				<Text textAlignment="CENTER" text="Jaune:"/>
					<CheckBox fx:id="checkJaune"/>
				<Text textAlignment="CENTER" text="Black:"/>	
					<CheckBox fx:id="checkBlack"/>
				<Text textAlignment="CENTER" text="Vert:"/>
					<CheckBox fx:id="checkVert"/>
				</HBox>

		</VBox>
	</VBox>
</VBox>
