<?xml version="1.0" encoding="UTF-8"?>
<?import javafx.scene.layout.VBox?>
<?import javafx.scene.layout.HBox?>
<?import javafx.scene.text.Text?>
<?import javafx.scene.control.Button?>
<?import javafx.scene.control.CheckBox?>
<?import javafx.scene.control.ComboBox?>
<?import tic_tac_toe.pages.partie.composants.ButtonAjustable?>

<VBox xmlns:fx="http://javafx.com/fxml" alignment="center" styleClass="conteneurPrincipal"
    fx:controller="tic_tac_toe.pages.parametresBack.VueParametresBack">
		<VBox VBox.vgrow="ALWAYS">
		<VBox styleClass="grosEspace" VBox.vgrow="ALWAYS"/>
		<HBox alignment="center" HBox.hgrow="ALWAYS">
			<Text textAlignment="CENTER" text="%couleurBack" styleClass="forme"/>
		</HBox>
			
			<VBox styleClass="grosEspace" VBox.vgrow="ALWAYS"/>
			
		<HBox alignment="center"   VBox.vgrow="ALWAYS">
					<ButtonAjustable
					    styleClass="forme" 
					    fx:id="caseJaune" 
        	            couleurs="#fccd0e"
        	          HBox.hgrow="ALWAYS"/>
        	  		<VBox styleClass="petitEspace"/>
					<CheckBox fx:id="checkBackJaune" styleClass="checkboxCouleurJaune"/>
				</HBox>
			
			
		<HBox alignment="center" VBox.vgrow="ALWAYS">
					<ButtonAjustable
					    styleClass="forme" 
					    fx:id="caseBlack" 
        	           	couleurs="#000000"
        	           	HBox.hgrow="ALWAYS"/>
        	   		<VBox styleClass="petitEspace"/>
					<CheckBox fx:id="checkBackBlack" styleClass="checkboxCouleurBlack"/>
				</HBox>
			
		<HBox alignment="center" VBox.vgrow="ALWAYS">
					<ButtonAjustable
					    styleClass="forme" 
					    fx:id="caseVert" 
        	           	couleurs="#008000"
        	           	HBox.hgrow="ALWAYS"/>
        	        <VBox styleClass="petitEspace"/>	
					<CheckBox fx:id="checkBackVert" styleClass="checkboxCouleurVert"/>
				</HBox>
		

		<VBox styleClass="grosEspace" VBox.vgrow="ALWAYS"/>
		
		<HBox alignment="center" HBox.hgrow="ALWAYS">  
			<Text textAlignment="CENTER" text="%couleurBordure" styleClass="forme"/>
		</HBox>
		<VBox VBox.vgrow="ALWAYS">
				<HBox alignment="center" styleClass="petitEspace" HBox.hgrow="ALWAYS">
				<Text textAlignment="CENTER" text="%black" />
					<CheckBox fx:id="check2Black" styleClass="checkboxCouleurBlack"/>
				<Text textAlignment="CENTER" text="%jaune" />
					<CheckBox fx:id="check2Jaune" styleClass="checkboxCouleurJaune"/>
				<Text textAlignment="CENTER" text="%vert"/>
					<CheckBox fx:id="check2Vert" styleClass="checkboxCouleurVert"/>
				</HBox>
				<VBox styleClass="grosEspace" VBox.vgrow="ALWAYS"/>
		<HBox alignment="center" HBox.hgrow="ALWAYS">
			<Text textAlignment="CENTER" text="%couleurForme" styleClass="forme" />
		</HBox>
				<HBox alignment="center" styleClass="petitEspace" HBox.hgrow="ALWAYS">
				<Text textAlignment="CENTER" text="%jaune"/>
					<CheckBox fx:id="checkJaune" styleClass="checkboxCouleurJaune"/>
				<Text textAlignment="CENTER" text="%black"/>	
					<CheckBox fx:id="checkBlack" styleClass="checkboxCouleurBlack"/>
				<Text textAlignment="CENTER" text="%vert" />
					<CheckBox fx:id="checkVert" styleClass="checkboxCouleurVert"/>
				</HBox>
		
		</VBox>
	</VBox>
	<VBox styleClass="grosEspace" VBox.vgrow="ALWAYS"/>
	<HBox alignment="center" styleClass="forme">
		<Button styleClass="bouton" text="%ok1" fx:id="boutonOk"/>
	</HBox>
</VBox>
